{"cameraMode":{"drawMode":0,"name":"Shaded","section":"Shading Mode"},"sceneLighting":false,"audioPlay":false,"sceneViewState":{"showFog":true,"showMaterialUpdate":false,"showSkybox":true,"showFlares":true,"showImageEffects":true,"showParticleSystems":true},"in2DMode":false,"pivot":{"x":-9.53575325012207,"y":13.404613494873047,"z":37.227699279785159},"rotation":{"x":-0.28996896743774416,"y":-0.0885479748249054,"z":0.026956086978316308,"w":-0.9525495171546936},"size":26.330116271972658,"orthographic":false}