{"cameraMode":{"drawMode":0,"name":"Shaded","section":"Shading Mode"},"sceneLighting":true,"audioPlay":false,"sceneViewState":{"showFog":true,"showMaterialUpdate":false,"showSkybox":true,"showFlares":true,"showImageEffects":true,"showParticleSystems":true},"in2DMode":false,"pivot":{"x":-1.1428931951522828,"y":1.6838762760162354,"z":1.8892157077789307},"rotation":{"x":0.42186832427978518,"y":0.18182088434696198,"z":-0.08669819682836533,"w":0.8839976191520691},"size":2.7587647438049318,"orthographic":false}