{"cameraMode":{"drawMode":0,"name":"Shaded","section":"Shading Mode"},"sceneLighting":true,"audioPlay":false,"sceneViewState":{"showFog":true,"showMaterialUpdate":false,"showSkybox":true,"showFlares":true,"showImageEffects":true,"showParticleSystems":true},"in2DMode":false,"pivot":{"x":-7.409875392913818,"y":7.3418097496032719,"z":40.643924713134769},"rotation":{"x":0.15980221331119538,"y":0.6340396404266357,"z":-0.13613872230052949,"w":0.7442602515220642},"size":22.0,"orthographic":false}