{"cameraMode":{"drawMode":0,"name":"Shaded","section":"Shading Mode"},"sceneLighting":true,"audioPlay":false,"sceneViewState":{"showFog":true,"showMaterialUpdate":false,"showSkybox":true,"showFlares":true,"showImageEffects":true,"showParticleSystems":true},"in2DMode":false,"pivot":{"x":0.3486960828304291,"y":-1.0762006044387818,"z":-55.983001708984378},"rotation":{"x":-0.009000969119369984,"y":-0.031237831339240075,"z":0.00026510682073421776,"w":0.9997389316558838},"size":5.460741996765137,"orthographic":false}