{"cameraMode":{"drawMode":0,"name":"Shaded","section":"Shading Mode"},"sceneLighting":false,"audioPlay":false,"sceneViewState":{"showFog":true,"showMaterialUpdate":false,"showSkybox":true,"showFlares":true,"showImageEffects":true,"showParticleSystems":true},"in2DMode":false,"pivot":{"x":-4.455821990966797,"y":-6.378574371337891,"z":-2.243082046508789},"rotation":{"x":0.000003788018148043193,"y":-0.9999865293502808,"z":0.0009006691980175674,"w":0.005114422645419836},"size":233.92433166503907,"orthographic":false}