{"cameraMode":{"drawMode":0,"name":"Shaded","section":"Shading Mode"},"sceneLighting":true,"audioPlay":false,"sceneViewState":{"showFog":true,"showMaterialUpdate":false,"showSkybox":true,"showFlares":true,"showImageEffects":true,"showParticleSystems":true},"in2DMode":false,"pivot":{"x":282.9776916503906,"y":175.45437622070313,"z":0.0},"rotation":{"x":-0.03898995369672775,"y":0.00299773458391428,"z":0.00011697084119077772,"w":0.9992351531982422},"size":0.42106977105140688,"orthographic":true}