{"cameraMode":{"drawMode":0,"name":"Shaded","section":"Shading Mode"},"sceneLighting":true,"audioPlay":false,"sceneViewState":{"showFog":true,"showMaterialUpdate":false,"showSkybox":true,"showFlares":true,"showImageEffects":true,"showParticleSystems":true},"in2DMode":false,"pivot":{"x":-20.447296142578126,"y":-19.37603187561035,"z":1.252323865890503},"rotation":{"x":0.12582319974899293,"y":-0.8710658550262451,"z":0.29398924112319949,"w":0.3728046119213104},"size":53.08650588989258,"orthographic":false}