{"cameraMode":{"drawMode":0,"name":"Shaded","section":"Shading Mode"},"sceneLighting":true,"audioPlay":false,"sceneViewState":{"showFog":true,"showMaterialUpdate":false,"showSkybox":true,"showFlares":true,"showImageEffects":true,"showParticleSystems":true},"in2DMode":false,"pivot":{"x":-3.456287384033203,"y":-13.757843017578125,"z":-46.91343688964844},"rotation":{"x":0.014661782421171666,"y":-0.9835927486419678,"z":0.15320159494876862,"w":0.09412621706724167},"size":23.675891876220704,"orthographic":false}