{"cameraMode":{"drawMode":0,"name":"Shaded","section":"Shading Mode"},"sceneLighting":false,"audioPlay":false,"sceneViewState":{"showFog":true,"showMaterialUpdate":false,"showSkybox":true,"showFlares":true,"showImageEffects":true,"showParticleSystems":true},"in2DMode":false,"pivot":{"x":-5.379140377044678,"y":3.187866449356079,"z":12.9672269821167},"rotation":{"x":0.06278862804174423,"y":-0.07450210303068161,"z":0.004701397847384214,"w":0.9952310919761658},"size":13.078418731689454,"orthographic":false}